protein_name,method,primer_order,pair_id,start,end,strand,primer_seq_5to3,length
geller,PD_single,0,0,-48,-27,f,GTGAACTTCCAACCCAGCGGA,21
geller,PD_single,1,0,172,192,r,TGTGCACTGACATCTGGCTA,20
geller,PD_single,2,1,142,162,f,GCACGACCACAGCACATGGA,20
geller,PD_single,3,1,362,382,r,TGCCAATGACACCATGCTCA,20
geller,PD_single,4,2,336,357,f,GGTGACTGTGGCGGTATCCTA,21
geller,PD_single,5,2,555,577,r,TGGAGTCTTGACCCACTAGTGA,22
geller,PD_single,6,3,529,550,f,GTGAGCAAGTCAACCTCCTGA,21
geller,PD_single,7,3,753,775,r,GCCAGCTATTGTTTTGGCGTTC,22
geller,PD_single,8,4,725,752,f,GTCACAATATTACGGAATCCCTATGGC,27
geller,PD_single,9,4,959,977,r,TCACTTTGGGATGGCGCG,18
geller,PD_single,10,5,930,953,f,GAAAGTCAGATCGCCACAATCGA,23
geller,PD_single,11,5,1162,1182,r,GTTTGTTGCCACCGACTTGC,20
geller,PD_single,12,6,1132,1150,f,GTTTGCTCCTGCACGGGA,18
geller,PD_single,13,6,1349,1373,r,GCCATGGGTGGTACAAAATCTACA,24
geller,PD_single,14,7,1324,1347,f,CCTTGTTCTGCCAAATGGTTTCC,23
geller,PD_single,15,7,1546,1566,r,AGTCTTGACTGACATGGGCA,20
geller,PD_single,16,8,1516,1540,f,CCATGTACAGTCAGAATGGCAAGA,24
geller,PD_single,17,8,1741,1760,r,ACTGGTGGTCCCTGGAACA,19
geller,PD_single,18,9,1710,1729,f,AGACATAGCGTGGGGACCA,19
geller,PD_single,19,9,1932,1952,r,TGGTCCCCACGCTATGTCTA,20
geller,PD_single,20,10,1903,1928,f,GTCACCGAGATGTTTAGGGAGTACA,25
geller,PD_single,21,10,2133,2154,r,GCCCGACTGACATGTTTCTCA,21
geller,PD_single,22,11,2108,2130,f,CTGAGATCAACTCCACCCTCCA,22
geller,PD_single,23,11,2336,2359,r,CACCGTGCTTGAGTTCCTTTTCA,23
geller,PD_single,24,12,2314,2332,f,TTTGAGTTCGCCGTCGCA,18
geller,PD_single,25,12,2544,2568,r,CCTCTGATGTCTCTGAACTTCTCA,24
geller,PD_single,26,13,2518,2543,f,CTGACACTACTCAAATTGAACCGGA,25
geller,PD_single,27,13,2745,2765,r,TGGACATGAGCACTCCACCA,20
geller,PD_single,28,14,2715,2737,f,GTACAACTTCCCCACAAGAGCA,22
geller,PD_single,29,14,2941,2961,r,CCCTCAAAGACCTGGTGGAA,20
geller,PD_single,30,15,2911,2936,f,CCAAGTAAAACAAAGTTGGAGCCTA,25
geller,PD_single,31,15,3137,3157,r,CACTGCGTCCTCCAGTTTCA,20
geller,PD_single,32,16,3107,3132,f,TAGCCACCCTAGATATCAGCACTGA,25
geller,PD_single,33,16,3324,3347,r,TGGACCTGAGCTCATCTTTTACA,23
geller,PD_single,34,17,3299,3320,f,GCCTGAACCTACCAATGGTGA,21
geller,PD_single,35,17,3515,3541,r,GAGATGTCCATCTAACATCACTGGTA,26
geller,PD_single,36,18,3491,3512,f,ACCCAGACCTCTTTTGGAGCA,21
geller,PD_single,37,18,3713,3731,r,CAGAACATCCCGAGGGCA,18
geller,PD_single,38,19,3683,3711,f,GGGATAAACATTACTTTGTGAGGGGTGG,28
geller,PD_single,39,19,3904,3924,r,GGTGTCATGATCAGCCCGTA,20
geller,PD_single,40,20,3874,3899,f,GCATCTTTACTCGCTGAAGCTGGTA,25
geller,PD_single,41,20,4092,4114,r,TAGACACAGTGAGCGCACGTGA,22
geller,PD_single,42,21,4067,4089,f,CCAAGGATCCAAAGAACACCCA,22
geller,PD_single,43,21,4287,4309,r,CCGTTATCTGGTTCGGTTAGCA,22
geller,Geller,0,0,-25,0,f,TACCACTACTAGGCAAAGCATCACT,25
geller,Geller,1,0,249,273,r,CTCTTGGACCTCTACTAGACCTGG,24
geller,Geller,2,1,224,249,f,GCACTACCCAATTTCGTTTGAAGGA,25
geller,Geller,3,1,483,506,r,CCGAATGCATTTCCAAGCTGTTC,23
geller,Geller,4,2,459,483,f,GAACAGGGAGTGAAGGACTATGTG,24
geller,Geller,5,2,729,754,r,CAGCCATAGGGATTCCGTAATATTG,25
geller,Geller,6,3,707,729,f,GTGGCTCAAACAGAAGGTGTCA,22
geller,Geller,7,3,963,985,r,GTTCCTGGTCACTTTGGGATGG,22
geller,Geller,8,4,944,963,f,CACAATCGAGCAGAGCGCG,19
geller,Geller,9,4,1188,1209,r,TTTCTCAGCAAGCGACCTTCC,21
geller,Geller,10,5,1163,1188,f,CAAGTCGGTGGCAACAAACTTAATT,25
geller,Geller,11,5,1389,1410,r,CGGTGAGGTGAACAGAATGCC,21
geller,Geller,12,6,1367,1389,f,CATGGCTGCCCTAGAAGAGAAA,22
geller,Geller,13,6,1572,1594,r,AATTGACCGGGCAACACTCATC,22
geller,Geller,14,7,1548,1572,f,CCCATGTCAGTCAAGACTTGTGAC,24
geller,Geller,15,7,1764,1789,r,GTGCAACGCTAATTTTGATCTCTCT,25
geller,Geller,16,8,1682,1707,f,CACCGAGATGTTTAGGGAGTACAAT,25
geller,Geller,17,8,2173,2195,r,CCACTGACACAAATGTGGTCAA,22
geller,Geller,18,9,2151,2173,f,GGCTTTCATTTGCTTACAGGCA,22
geller,Geller,19,9,2389,2409,r,GCCCACCTGTCATAGATGCC,20
geller,Geller,20,10,2365,2389,f,GAATATGGCGAGTTTACCATGCTG,24
geller,Geller,21,10,2614,2638,r,GTTGGGAAACTTGCTGGTGTTAAT,24
geller,Geller,22,11,2592,2614,f,GGTTAATGAGGCAGTGCTAGCA,22
geller,Geller,23,11,2833,2858,r,CACCTTGCTCATCATTGAAGTAGTG,25
geller,Geller,24,12,2811,2833,f,CTTCTCAGCAGCACTCCTCAAA,22
geller,Geller,25,12,3079,3099,r,GCGTAGTGGTCCACTGCTTC,20
geller,Geller,26,13,3057,3079,f,ACACGTGGATGAGTACATGCTG,22
geller,Geller,27,13,3332,3355,r,CTTCTCTATGGACCTGAGCTCAT,23
geller,Geller,28,14,3300,3325,f,CCTGAACCTACCAATGGTGACTTAT,25
geller,Geller,29,14,3568,3589,r,CCAGACAGGGCTTAAGCTAGC,21
geller,Geller,30,15,3543,3568,f,AGCATTTGATTACTCTGGGTACGAT,25
geller,Geller,31,15,3814,3839,r,CACCATATGCGATCATCCTGAATTG,25
geller,Geller,32,16,3790,3814,f,GTGTACAAAGGGATTGACTTGGAC,24
geller,Geller,33,16,4033,4058,r,TTGATTCGTGTATGTCTTTCATGGG,25
geller,Geller,34,17,4011,4033,f,CTTCCTGGTGCATCCTGTTATG,22
geller,Geller,35,17,4270,4291,r,AGCACAGTAGGGTTAAGCCAA,21
